BEGIN TRANSACTION;
CREATE TABLE book
                           (book_id INTEGER PRIMARY KEY AUTOINCREMENT,
                            name text,
                            author text,
                            editorial text,
                            price real,
                            image text);
INSERT INTO "book" VALUES(1,'Viaje al centro de la tierra','Julio Verne','Porrua',100.0,'1.png');
INSERT INTO "book" VALUES(2,'50 Sombras de Gray','E L James','Vintage',200.0,'2.png');
INSERT INTO "book" VALUES(3,'1984','George Orwell','Debolsillo',300.0,'3.png');
INSERT INTO "book" VALUES(4,'IT','Stephen King','Debolsillo',400.0,'4.png');
INSERT INTO "book" VALUES(5,'La Perla','John Steinbeck','Esfinge',500.0,'5.png');
INSERT INTO "book" VALUES(6,'Introduction to algorithms','Tomas Cormen','Limusa',600.0,'6.png');
INSERT INTO "book" VALUES(7,'Cracking the coding interview','Gayle Mcdowell','Laakman',700.0,'7.png');
CREATE TABLE detail
                           (detail_id INTEGER PRIMARY KEY AUTOINCREMENT,
                            session integer,
                            book_id integer);
INSERT INTO "detail" VALUES(1,1,4);
INSERT INTO "detail" VALUES(2,1,2);
INSERT INTO "detail" VALUES(3,1,5);
INSERT INTO "detail" VALUES(4,1,4);
INSERT INTO "detail" VALUES(5,1,2);
INSERT INTO "detail" VALUES(6,1,5);
INSERT INTO "detail" VALUES(7,1,7);
INSERT INTO "detail" VALUES(8,1,6);
INSERT INTO "detail" VALUES(9,1,1);
INSERT INTO "detail" VALUES(10,1,5);
INSERT INTO "detail" VALUES(11,1,1);
INSERT INTO "detail" VALUES(12,1,4);
INSERT INTO "detail" VALUES(13,1,7);
INSERT INTO "detail" VALUES(14,1,3);
INSERT INTO "detail" VALUES(15,1,6);
INSERT INTO "detail" VALUES(16,1,6);
INSERT INTO "detail" VALUES(17,1,7);
INSERT INTO "detail" VALUES(18,1,6);
INSERT INTO "detail" VALUES(19,1,1);
INSERT INTO "detail" VALUES(20,1,3);
INSERT INTO "detail" VALUES(21,1,4);
INSERT INTO "detail" VALUES(22,1,5);
INSERT INTO "detail" VALUES(23,1,4);
INSERT INTO "detail" VALUES(24,1,4);
INSERT INTO "detail" VALUES(25,1,4);
INSERT INTO "detail" VALUES(26,1,6);
INSERT INTO "detail" VALUES(27,1,3);
INSERT INTO "detail" VALUES(28,1,5);
INSERT INTO "detail" VALUES(29,1,2);
INSERT INTO "detail" VALUES(30,1,7);
INSERT INTO "detail" VALUES(31,1,2);
INSERT INTO "detail" VALUES(32,1,7);
INSERT INTO "detail" VALUES(33,1,7);
INSERT INTO "detail" VALUES(34,1,6);
INSERT INTO "detail" VALUES(35,1,7);
INSERT INTO "detail" VALUES(36,1,2);
INSERT INTO "detail" VALUES(37,1,7);
INSERT INTO "detail" VALUES(38,1,2);
INSERT INTO "detail" VALUES(39,1,2);
INSERT INTO "detail" VALUES(40,1,2);
INSERT INTO "detail" VALUES(41,1,5);
INSERT INTO "detail" VALUES(42,1,4);
INSERT INTO "detail" VALUES(43,1,1);
INSERT INTO "detail" VALUES(44,1,7);
INSERT INTO "detail" VALUES(45,1,3);
INSERT INTO "detail" VALUES(46,1,5);
INSERT INTO "detail" VALUES(47,1,6);
INSERT INTO "detail" VALUES(48,1,6);
INSERT INTO "detail" VALUES(49,1,5);
INSERT INTO "detail" VALUES(50,1,3);
INSERT INTO "detail" VALUES(51,1,3);
INSERT INTO "detail" VALUES(52,1,3);
INSERT INTO "detail" VALUES(53,1,3);
INSERT INTO "detail" VALUES(54,1,3);
INSERT INTO "detail" VALUES(55,1,6);
INSERT INTO "detail" VALUES(56,1,3);
INSERT INTO "detail" VALUES(57,1,3);
INSERT INTO "detail" VALUES(58,1,3);
INSERT INTO "detail" VALUES(59,1,3);
INSERT INTO "detail" VALUES(60,1,3);
INSERT INTO "detail" VALUES(61,1,1);
INSERT INTO "detail" VALUES(62,1,6);
INSERT INTO "detail" VALUES(63,1,4);
INSERT INTO "detail" VALUES(64,1,4);
INSERT INTO "detail" VALUES(65,1,7);
INSERT INTO "detail" VALUES(66,1,7);
INSERT INTO "detail" VALUES(67,1,6);
INSERT INTO "detail" VALUES(68,1,6);
INSERT INTO "detail" VALUES(69,1,6);
INSERT INTO "detail" VALUES(70,1,6);
INSERT INTO "detail" VALUES(71,1,6);
INSERT INTO "detail" VALUES(72,1,6);
INSERT INTO "detail" VALUES(73,1,6);
INSERT INTO "detail" VALUES(74,1,2);
INSERT INTO "detail" VALUES(75,1,1);
INSERT INTO "detail" VALUES(76,1,1);
INSERT INTO "detail" VALUES(77,1,3);
INSERT INTO "detail" VALUES(78,1,1);
INSERT INTO "detail" VALUES(79,1,1);
INSERT INTO "detail" VALUES(80,1,6);
INSERT INTO "detail" VALUES(81,1,1);
INSERT INTO "detail" VALUES(82,1,2);
INSERT INTO "detail" VALUES(83,1,2);
INSERT INTO "detail" VALUES(84,1,1);
INSERT INTO "detail" VALUES(85,1,1);
INSERT INTO "detail" VALUES(86,1,1);
INSERT INTO "detail" VALUES(87,1,1);
INSERT INTO "detail" VALUES(88,1,2);
INSERT INTO "detail" VALUES(89,1,2);
INSERT INTO "detail" VALUES(90,1,2);
INSERT INTO "detail" VALUES(91,1,1);
INSERT INTO "detail" VALUES(92,1,4);
INSERT INTO "detail" VALUES(93,1,5);
INSERT INTO "detail" VALUES(94,1,2);
INSERT INTO "detail" VALUES(95,1,5);
INSERT INTO "detail" VALUES(96,1,5);
INSERT INTO "detail" VALUES(97,1,5);
INSERT INTO "detail" VALUES(98,1,5);
INSERT INTO "detail" VALUES(99,1,5);
INSERT INTO "detail" VALUES(100,1,5);
INSERT INTO "detail" VALUES(101,1,5);
INSERT INTO "detail" VALUES(102,1,5);
INSERT INTO "detail" VALUES(103,1,5);
INSERT INTO "detail" VALUES(104,1,5);
INSERT INTO "detail" VALUES(105,1,7);
INSERT INTO "detail" VALUES(106,1,3);
INSERT INTO "detail" VALUES(107,1,2);
INSERT INTO "detail" VALUES(108,1,4);
INSERT INTO "detail" VALUES(109,1,6);
INSERT INTO "detail" VALUES(110,1,1);
INSERT INTO "detail" VALUES(111,1,7);
INSERT INTO "detail" VALUES(112,1,2);
INSERT INTO "detail" VALUES(113,1,1);
INSERT INTO "detail" VALUES(114,1,6);
INSERT INTO "detail" VALUES(115,1,4);
INSERT INTO "detail" VALUES(116,1,5);
INSERT INTO "detail" VALUES(117,1,2);
INSERT INTO "detail" VALUES(118,1,1);
INSERT INTO "detail" VALUES(119,1,5);
INSERT INTO "detail" VALUES(120,1,3);
INSERT INTO "detail" VALUES(121,1,7);
INSERT INTO "detail" VALUES(122,1,6);
INSERT INTO "detail" VALUES(123,1,6);
INSERT INTO "detail" VALUES(124,1,1);
INSERT INTO "detail" VALUES(125,1,2);
INSERT INTO "detail" VALUES(126,1,3);
INSERT INTO "detail" VALUES(127,1,5);
INSERT INTO "detail" VALUES(128,1,4);
INSERT INTO "detail" VALUES(129,1,2);
INSERT INTO "detail" VALUES(130,1,6);
INSERT INTO "detail" VALUES(131,1,5);
INSERT INTO "detail" VALUES(132,1,3);
INSERT INTO "detail" VALUES(133,1,7);
INSERT INTO "detail" VALUES(134,1,4);
INSERT INTO "detail" VALUES(135,1,4);
INSERT INTO "detail" VALUES(136,1,2);
INSERT INTO "detail" VALUES(137,1,6);
INSERT INTO "detail" VALUES(138,1,1);
INSERT INTO "detail" VALUES(139,1,7);
INSERT INTO "detail" VALUES(140,1,4);
INSERT INTO "detail" VALUES(141,1,5);
INSERT INTO "detail" VALUES(142,1,7);
INSERT INTO "detail" VALUES(143,1,4);
INSERT INTO "detail" VALUES(144,1,6);
INSERT INTO "detail" VALUES(145,1,3);
INSERT INTO "detail" VALUES(146,1,5);
INSERT INTO "detail" VALUES(147,1,2);
INSERT INTO "detail" VALUES(148,1,2);
INSERT INTO "detail" VALUES(149,1,3);
INSERT INTO "detail" VALUES(150,1,6);
INSERT INTO "detail" VALUES(151,1,6);
INSERT INTO "detail" VALUES(152,1,7);
INSERT INTO "detail" VALUES(153,1,5);
INSERT INTO "detail" VALUES(154,1,4);
INSERT INTO "detail" VALUES(155,1,1);
INSERT INTO "detail" VALUES(156,1,7);
INSERT INTO "detail" VALUES(157,1,3);
INSERT INTO "detail" VALUES(158,1,6);
INSERT INTO "detail" VALUES(159,1,4);
INSERT INTO "detail" VALUES(160,1,2);
INSERT INTO "detail" VALUES(161,1,3);
INSERT INTO "detail" VALUES(162,1,4);
INSERT INTO "detail" VALUES(163,1,5);
INSERT INTO "detail" VALUES(164,1,1);
INSERT INTO "detail" VALUES(165,1,6);
INSERT INTO "detail" VALUES(166,1,2);
INSERT INTO "detail" VALUES(167,1,1);
INSERT INTO "detail" VALUES(168,1,3);
INSERT INTO "detail" VALUES(169,1,4);
INSERT INTO "detail" VALUES(170,1,3);
INSERT INTO "detail" VALUES(171,1,5);
INSERT INTO "detail" VALUES(172,1,7);
INSERT INTO "detail" VALUES(173,1,6);
INSERT INTO "detail" VALUES(174,1,2);
INSERT INTO "detail" VALUES(175,1,7);
INSERT INTO "detail" VALUES(176,1,6);
INSERT INTO "detail" VALUES(177,1,3);
INSERT INTO "detail" VALUES(178,1,5);
INSERT INTO "detail" VALUES(179,1,2);
INSERT INTO "detail" VALUES(180,1,1);
INSERT INTO "detail" VALUES(181,1,7);
INSERT INTO "detail" VALUES(182,1,4);
INSERT INTO "detail" VALUES(183,1,6);
INSERT INTO "detail" VALUES(184,1,3);
INSERT INTO "detail" VALUES(185,1,5);
INSERT INTO "detail" VALUES(186,1,2);
INSERT INTO "detail" VALUES(187,1,1);
INSERT INTO "detail" VALUES(188,1,2);
INSERT INTO "detail" VALUES(189,1,4);
INSERT INTO "detail" VALUES(190,1,7);
INSERT INTO "detail" VALUES(191,1,6);
INSERT INTO "detail" VALUES(192,1,3);
INSERT INTO "detail" VALUES(193,1,6);
INSERT INTO "detail" VALUES(194,1,4);
INSERT INTO "detail" VALUES(195,1,5);
INSERT INTO "detail" VALUES(196,1,1);
INSERT INTO "detail" VALUES(197,1,4);
INSERT INTO "detail" VALUES(198,1,7);
INSERT INTO "detail" VALUES(199,1,5);
INSERT INTO "detail" VALUES(200,1,6);
INSERT INTO "detail" VALUES(201,1,6);
INSERT INTO "detail" VALUES(202,1,3);
INSERT INTO "detail" VALUES(203,1,7);
INSERT INTO "detail" VALUES(204,1,2);
INSERT INTO "detail" VALUES(205,1,5);
INSERT INTO "detail" VALUES(206,1,4);
INSERT INTO "detail" VALUES(207,1,5);
INSERT INTO "detail" VALUES(208,1,4);
INSERT INTO "detail" VALUES(209,1,2);
INSERT INTO "detail" VALUES(210,1,6);
INSERT INTO "detail" VALUES(211,1,7);
INSERT INTO "detail" VALUES(212,1,1);
INSERT INTO "detail" VALUES(213,1,1);
INSERT INTO "detail" VALUES(214,1,1);
INSERT INTO "detail" VALUES(215,1,1);
INSERT INTO "detail" VALUES(216,1,5);
INSERT INTO "detail" VALUES(217,1,6);
INSERT INTO "detail" VALUES(218,1,5);
INSERT INTO "detail" VALUES(219,1,7);
INSERT INTO "detail" VALUES(220,1,1);
INSERT INTO "detail" VALUES(221,1,3);
INSERT INTO "detail" VALUES(222,1,4);
INSERT INTO "detail" VALUES(223,1,6);
INSERT INTO "detail" VALUES(224,1,3);
INSERT INTO "detail" VALUES(225,1,3);
INSERT INTO "detail" VALUES(226,1,3);
INSERT INTO "detail" VALUES(227,1,4);
INSERT INTO "detail" VALUES(228,1,3);
INSERT INTO "detail" VALUES(229,1,3);
INSERT INTO "detail" VALUES(230,1,1);
INSERT INTO "detail" VALUES(231,1,3);
INSERT INTO "detail" VALUES(232,1,5);
INSERT INTO "detail" VALUES(233,1,1);
INSERT INTO "detail" VALUES(234,1,3);
INSERT INTO "detail" VALUES(235,1,4);
INSERT INTO "detail" VALUES(236,1,6);
INSERT INTO "detail" VALUES(237,1,7);
INSERT INTO "detail" VALUES(238,1,3);
INSERT INTO "detail" VALUES(239,1,7);
INSERT INTO "detail" VALUES(240,1,4);
INSERT INTO "detail" VALUES(241,1,6);
INSERT INTO "detail" VALUES(242,1,1);
INSERT INTO "detail" VALUES(243,1,2);
INSERT INTO "detail" VALUES(244,1,7);
INSERT INTO "detail" VALUES(245,1,1);
INSERT INTO "detail" VALUES(246,1,5);
INSERT INTO "detail" VALUES(247,1,3);
INSERT INTO "detail" VALUES(248,1,2);
INSERT INTO "detail" VALUES(249,1,6);
INSERT INTO "detail" VALUES(250,1,6);
INSERT INTO "detail" VALUES(251,1,5);
INSERT INTO "detail" VALUES(252,1,3);
INSERT INTO "detail" VALUES(253,1,7);
INSERT INTO "detail" VALUES(254,1,2);
INSERT INTO "detail" VALUES(255,1,1);
INSERT INTO "detail" VALUES(256,1,7);
INSERT INTO "detail" VALUES(257,1,5);
INSERT INTO "detail" VALUES(258,1,4);
INSERT INTO "detail" VALUES(259,1,5);
INSERT INTO "detail" VALUES(260,1,7);
INSERT INTO "detail" VALUES(261,1,3);
INSERT INTO "detail" VALUES(262,1,2);
INSERT INTO "detail" VALUES(263,1,6);
INSERT INTO "detail" VALUES(264,1,1);
INSERT INTO "detail" VALUES(265,1,3);
INSERT INTO "detail" VALUES(266,1,4);
INSERT INTO "detail" VALUES(267,1,5);
INSERT INTO "detail" VALUES(268,1,1);
INSERT INTO "detail" VALUES(269,1,2);
INSERT INTO "detail" VALUES(270,1,6);
INSERT INTO "detail" VALUES(271,1,3);
INSERT INTO "detail" VALUES(272,1,2);
INSERT INTO "detail" VALUES(273,1,6);
INSERT INTO "detail" VALUES(274,1,7);
INSERT INTO "detail" VALUES(275,1,1);
INSERT INTO "detail" VALUES(276,1,4);
INSERT INTO "detail" VALUES(277,1,5);
INSERT INTO "detail" VALUES(278,1,1);
INSERT INTO "detail" VALUES(279,1,3);
INSERT INTO "detail" VALUES(280,1,7);
INSERT INTO "detail" VALUES(281,1,4);
INSERT INTO "detail" VALUES(282,1,2);
INSERT INTO "detail" VALUES(283,1,3);
INSERT INTO "detail" VALUES(284,1,4);
INSERT INTO "detail" VALUES(285,1,2);
INSERT INTO "detail" VALUES(286,1,6);
INSERT INTO "detail" VALUES(287,1,7);
INSERT INTO "detail" VALUES(288,1,6);
INSERT INTO "detail" VALUES(289,1,7);
INSERT INTO "detail" VALUES(290,1,3);
INSERT INTO "detail" VALUES(291,1,5);
INSERT INTO "detail" VALUES(292,1,1);
INSERT INTO "detail" VALUES(293,1,2);
INSERT INTO "detail" VALUES(294,1,5);
INSERT INTO "detail" VALUES(295,1,7);
INSERT INTO "detail" VALUES(296,1,6);
INSERT INTO "detail" VALUES(297,1,2);
INSERT INTO "detail" VALUES(298,1,4);
INSERT INTO "detail" VALUES(299,1,1);
INSERT INTO "detail" VALUES(300,1,3);
INSERT INTO "detail" VALUES(301,1,6);
INSERT INTO "detail" VALUES(302,1,4);
INSERT INTO "detail" VALUES(303,1,5);
INSERT INTO "detail" VALUES(304,1,7);
INSERT INTO "detail" VALUES(305,1,1);
INSERT INTO "detail" VALUES(306,1,6);
INSERT INTO "detail" VALUES(307,1,4);
INSERT INTO "detail" VALUES(308,1,7);
INSERT INTO "detail" VALUES(309,1,2);
INSERT INTO "detail" VALUES(310,1,3);
INSERT INTO "detail" VALUES(311,1,5);
INSERT INTO "detail" VALUES(312,1,7);
CREATE TABLE session
                           (session_id INTEGER PRIMARY KEY AUTOINCREMENT,
                            user_id integer,
                            created DATETIME);
INSERT INTO "session" VALUES(1,1,'2019-02-27 00:36:04.999681');
INSERT INTO "session" VALUES(2,1,'2019-02-27 00:36:17.915330');
INSERT INTO "session" VALUES(3,1,'2019-02-27 00:40:22.644910');
INSERT INTO "session" VALUES(4,1,'2019-02-27 00:43:06.759541');
INSERT INTO "session" VALUES(5,1,'2019-02-27 00:45:15.542065');
INSERT INTO "session" VALUES(6,1,'2019-02-27 00:45:49.355688');
INSERT INTO "session" VALUES(7,1,'2019-02-27 00:47:50.967534');
INSERT INTO "session" VALUES(8,1,'2019-02-27 00:49:15.691491');
INSERT INTO "session" VALUES(9,1,'2019-02-27 00:51:28.230090');
INSERT INTO "session" VALUES(10,1,'2019-02-27 00:55:09.730078');
INSERT INTO "session" VALUES(11,1,'2019-02-27 00:55:23.566539');
INSERT INTO "session" VALUES(12,1,'2019-02-27 00:55:55.785649');
INSERT INTO "session" VALUES(13,1,'2019-02-27 00:58:54.166455');
INSERT INTO "session" VALUES(14,1,'2019-02-27 00:59:01.426750');
INSERT INTO "session" VALUES(15,1,'2019-02-27 00:59:12.418659');
INSERT INTO "session" VALUES(16,1,'2019-02-27 01:13:35.921454');
INSERT INTO "session" VALUES(17,1,'2019-02-27 01:13:40.294374');
INSERT INTO "session" VALUES(18,1,'2019-02-27 01:13:46.440082');
INSERT INTO "session" VALUES(19,1,'2019-02-27 01:15:44.486839');
INSERT INTO "session" VALUES(20,1,'2019-02-27 01:16:17.456395');
INSERT INTO "session" VALUES(21,1,'2019-03-07 23:56:11.699460');
INSERT INTO "session" VALUES(22,1,'2019-03-07 23:59:17.565803');
INSERT INTO "session" VALUES(23,1,'2019-03-07 23:59:19.693324');
INSERT INTO "session" VALUES(24,1,'2019-03-07 23:59:20.006400');
INSERT INTO "session" VALUES(25,1,'2019-03-07 23:59:23.123164');
INSERT INTO "session" VALUES(26,1,'2019-03-07 23:59:33.096605');
INSERT INTO "session" VALUES(27,1,'2019-03-07 23:59:39.638413');
INSERT INTO "session" VALUES(28,1,'2019-03-08 00:04:02.751640');
INSERT INTO "session" VALUES(29,1,'2019-03-08 00:07:19.581405');
INSERT INTO "session" VALUES(30,1,'2019-03-08 00:10:16.434039');
INSERT INTO "session" VALUES(31,1,'2019-03-08 00:11:21.310927');
INSERT INTO "session" VALUES(32,1,'2019-03-12 23:35:00.341925');
INSERT INTO "session" VALUES(33,1,'2019-03-12 23:35:18.508385');
INSERT INTO "session" VALUES(34,1,'2019-03-13 01:18:42.535168');
INSERT INTO "session" VALUES(35,1,'2019-03-13 01:21:31.826872');
INSERT INTO "session" VALUES(36,1,'2019-03-13 01:24:20.176027');
INSERT INTO "session" VALUES(37,1,'2019-03-13 01:26:16.787132');
INSERT INTO "session" VALUES(38,1,'2019-03-13 01:39:45.587992');
INSERT INTO "session" VALUES(39,1,'2019-03-13 01:41:07.304927');
INSERT INTO "session" VALUES(40,1,'2019-03-13 01:42:44.118065');
INSERT INTO "session" VALUES(41,1,'2019-03-13 02:01:42.005842');
INSERT INTO "session" VALUES(42,1,'2019-03-13 02:04:23.956975');
INSERT INTO "session" VALUES(43,1,'2019-03-13 02:04:47.862353');
INSERT INTO "session" VALUES(44,1,'2019-03-13 16:12:26.718188');
INSERT INTO "session" VALUES(45,1,'2019-03-13 16:13:33.949341');
INSERT INTO "session" VALUES(46,1,'2019-03-13 16:14:42.532281');
INSERT INTO "session" VALUES(47,1,'2019-03-13 16:32:23.867281');
INSERT INTO "session" VALUES(48,1,'2019-03-13 16:32:30.478212');
INSERT INTO "session" VALUES(49,1,'2019-03-13 16:34:56.780711');
INSERT INTO "session" VALUES(50,1,'2019-03-13 16:35:01.286606');
INSERT INTO "session" VALUES(51,1,'2019-03-13 16:35:04.887468');
INSERT INTO "session" VALUES(52,1,'2019-03-13 16:41:24.781941');
INSERT INTO "session" VALUES(53,1,'2019-03-13 16:41:28.704313');
INSERT INTO "session" VALUES(54,1,'2019-03-13 16:41:32.815001');
INSERT INTO "session" VALUES(55,1,'2019-03-13 16:49:12.501835');
INSERT INTO "session" VALUES(56,1,'2019-03-13 16:49:18.264194');
INSERT INTO "session" VALUES(57,1,'2019-03-13 16:49:21.250228');
INSERT INTO "session" VALUES(58,1,'2019-03-13 16:50:39.154832');
INSERT INTO "session" VALUES(59,1,'2019-03-13 16:50:41.896156');
INSERT INTO "session" VALUES(60,1,'2019-03-13 16:50:44.354488');
INSERT INTO "session" VALUES(61,1,'2019-03-13 17:00:34.339229');
INSERT INTO "session" VALUES(62,1,'2019-03-13 17:01:43.929216');
INSERT INTO "session" VALUES(63,1,'2019-03-13 17:01:48.708206');
INSERT INTO "session" VALUES(64,1,'2019-03-13 17:01:51.124193');
INSERT INTO "session" VALUES(65,1,'2019-03-13 17:05:22.125780');
INSERT INTO "session" VALUES(66,1,'2019-03-13 17:05:25.548247');
INSERT INTO "session" VALUES(67,1,'2019-03-13 17:05:28.135201');
INSERT INTO "session" VALUES(68,1,'2019-03-13 17:11:40.264206');
INSERT INTO "session" VALUES(69,1,'2019-03-13 17:11:43.666226');
INSERT INTO "session" VALUES(70,1,'2019-03-13 17:11:46.756513');
INSERT INTO "session" VALUES(71,1,'2019-03-13 17:26:20.767133');
INSERT INTO "session" VALUES(72,1,'2019-03-13 17:26:23.814222');
INSERT INTO "session" VALUES(73,1,'2019-03-13 17:32:01.960950');
INSERT INTO "session" VALUES(74,1,'2019-03-13 17:33:06.233530');
INSERT INTO "session" VALUES(75,1,'2019-03-13 17:33:14.484207');
INSERT INTO "session" VALUES(76,1,'2019-03-13 17:33:17.355274');
INSERT INTO "session" VALUES(77,1,'2019-03-13 17:39:14.329596');
INSERT INTO "session" VALUES(78,1,'2019-03-13 17:39:17.271368');
INSERT INTO "session" VALUES(79,1,'2019-03-13 17:39:19.690212');
INSERT INTO "session" VALUES(80,1,'2019-03-13 17:49:36.622322');
INSERT INTO "session" VALUES(81,1,'2019-03-13 17:49:39.921220');
INSERT INTO "session" VALUES(82,1,'2019-03-13 17:49:42.326172');
INSERT INTO "session" VALUES(83,1,'2019-03-13 17:56:14.509213');
INSERT INTO "session" VALUES(84,1,'2019-03-13 17:56:17.576674');
INSERT INTO "session" VALUES(85,1,'2019-03-13 17:56:20.077279');
INSERT INTO "session" VALUES(86,1,'2019-03-13 18:01:37.521210');
INSERT INTO "session" VALUES(87,1,'2019-03-13 18:01:42.676202');
INSERT INTO "session" VALUES(88,1,'2019-03-13 18:01:46.153200');
INSERT INTO "session" VALUES(89,1,'2019-03-13 18:06:29.996206');
INSERT INTO "session" VALUES(90,1,'2019-03-13 18:06:33.056747');
INSERT INTO "session" VALUES(91,1,'2019-03-13 18:08:47.451826');
INSERT INTO "session" VALUES(92,1,'2019-03-13 18:08:55.999239');
INSERT INTO "session" VALUES(93,1,'2019-03-13 18:09:02.023032');
INSERT INTO "session" VALUES(94,1,'2019-03-13 18:09:52.362094');
INSERT INTO "session" VALUES(95,1,'2019-03-13 18:09:58.572226');
INSERT INTO "session" VALUES(96,1,'2019-03-13 18:10:05.665129');
INSERT INTO "session" VALUES(97,1,'2019-03-13 18:21:09.997092');
INSERT INTO "session" VALUES(98,1,'2019-03-13 18:21:23.775372');
INSERT INTO "session" VALUES(99,1,'2019-03-13 18:21:29.783240');
INSERT INTO "session" VALUES(100,1,'2019-03-13 18:32:26.895214');
INSERT INTO "session" VALUES(101,1,'2019-03-13 18:32:35.505993');
INSERT INTO "session" VALUES(102,1,'2019-03-13 18:32:45.133784');
INSERT INTO "session" VALUES(103,1,'2019-03-13 18:39:18.848021');
INSERT INTO "session" VALUES(104,1,'2019-03-13 18:39:58.574691');
INSERT INTO "session" VALUES(105,1,'2019-03-13 18:40:03.688330');
INSERT INTO "session" VALUES(106,1,'2019-03-13 18:40:06.170191');
INSERT INTO "session" VALUES(107,1,'2019-03-13 18:50:18.228399');
INSERT INTO "session" VALUES(108,1,'2019-03-13 18:50:21.194437');
INSERT INTO "session" VALUES(109,1,'2019-03-13 18:50:24.055215');
INSERT INTO "session" VALUES(110,1,'2019-03-13 18:57:10.719814');
INSERT INTO "session" VALUES(111,1,'2019-03-13 18:57:17.658147');
INSERT INTO "session" VALUES(112,1,'2019-03-13 18:57:23.153714');
INSERT INTO "session" VALUES(113,1,'2019-03-13 19:05:45.407953');
INSERT INTO "session" VALUES(114,1,'2019-03-13 19:05:48.747808');
INSERT INTO "session" VALUES(115,1,'2019-03-13 19:05:52.125430');
INSERT INTO "session" VALUES(116,1,'2019-03-13 19:22:21.767108');
INSERT INTO "session" VALUES(117,1,'2019-03-13 19:25:06.289699');
INSERT INTO "session" VALUES(118,1,'2019-03-13 19:25:14.574186');
INSERT INTO "session" VALUES(119,1,'2019-03-13 19:25:18.284385');
INSERT INTO "session" VALUES(120,1,'2019-03-13 19:34:27.084219');
INSERT INTO "session" VALUES(121,1,'2019-03-13 19:34:31.042140');
INSERT INTO "session" VALUES(122,1,'2019-03-13 19:34:33.650769');
INSERT INTO "session" VALUES(123,1,'2019-03-13 19:36:45.290258');
INSERT INTO "session" VALUES(124,1,'2019-03-13 19:36:48.705586');
INSERT INTO "session" VALUES(125,1,'2019-03-13 19:36:51.346183');
INSERT INTO "session" VALUES(126,1,'2019-03-13 19:42:19.514027');
INSERT INTO "session" VALUES(127,1,'2019-03-13 19:42:23.214206');
INSERT INTO "session" VALUES(128,1,'2019-03-13 19:42:26.273710');
INSERT INTO "session" VALUES(129,1,'2019-03-13 19:55:39.732698');
INSERT INTO "session" VALUES(130,1,'2019-03-13 19:55:43.249869');
INSERT INTO "session" VALUES(131,1,'2019-03-13 19:55:46.163685');
INSERT INTO "session" VALUES(132,1,'2019-03-13 19:56:48.589761');
INSERT INTO "session" VALUES(133,1,'2019-03-13 19:57:01.287270');
INSERT INTO "session" VALUES(134,1,'2019-03-13 19:57:07.517442');
INSERT INTO "session" VALUES(135,1,'2019-03-13 20:05:06.045177');
INSERT INTO "session" VALUES(136,1,'2019-03-13 20:05:10.003967');
INSERT INTO "session" VALUES(137,1,'2019-03-13 20:05:13.453149');
INSERT INTO "session" VALUES(138,1,'2019-03-13 20:09:44.509257');
INSERT INTO "session" VALUES(139,1,'2019-03-13 20:09:47.870203');
INSERT INTO "session" VALUES(140,1,'2019-03-13 20:09:50.896039');
INSERT INTO "session" VALUES(141,1,'2019-03-13 20:16:28.815313');
DELETE FROM "sqlite_sequence";
INSERT INTO "sqlite_sequence" VALUES('book',7);
INSERT INTO "sqlite_sequence" VALUES('user',141);
INSERT INTO "sqlite_sequence" VALUES('session',141);
INSERT INTO "sqlite_sequence" VALUES('detail',312);
CREATE TABLE user
                           (user_id INTEGER PRIMARY KEY AUTOINCREMENT,
                            ip text UNIQUE);
INSERT INTO "user" VALUES(1,'127.0.0.1');
COMMIT;
